{
  "duckdb": {
    "Q1: Count by State": {
      "best": 1.1828583000169601,
      "avg": 1.2352587333395302,
      "median": 1.2159547999908682,
      "stdev": 0.06426493388639389
    },
    "Q2: Filter & Count": {
      "best": 1.1739075999939814,
      "avg": 1.2103672666708007,
      "median": 1.2050658999942243,
      "stdev": 0.039378901010361615
    },
    "Q3: Aggregate HAVING": {
      "best": 1.1600911999994423,
      "avg": 1.2002718999865465,
      "median": 1.1949726999737322,
      "stdev": 0.04307546561693827
    }
  },
  "polars": {
    "Q1: Count by State": {
      "best": 4.180585800000699,
      "avg": 4.215969366661739,
      "median": 4.233627200010233,
      "stdev": 0.030643086411839163
    },
    "Q2: Filter & Count": {
      "best": 4.004143700003624,
      "avg": 4.138458899998416,
      "median": 4.1557880000036675,
      "stdev": 0.12654370440167323
    },
    "Q3: Aggregate HAVING": {
      "best": 4.052628100005677,
      "avg": 4.099549600000803,
      "median": 4.072196199995233,
      "stdev": 0.06506380108697568
    }
  },
  "pandas": {
    "Q1: Count by State": {
      "best": 0.5515488999953959,
      "avg": 0.5536937333332995,
      "median": 0.5531248000042979,
      "stdev": 0.002478762261960424
    },
    "Q2: Filter & Count": {
      "best": 0.5934976999997161,
      "avg": 0.6154711666652778,
      "median": 0.6015131000021938,
      "stdev": 0.031374639038730064
    },
    "Q3: Aggregate HAVING": {
      "best": 0.486037499998929,
      "avg": 0.5188093000033405,
      "median": 0.5088104000024032,
      "stdev": 0.03875113969746845
    }
  },
  "pyarrow": {
    "Q1: Count by State": {
      "best": 23.75788819999434,
      "avg": 23.79422560000482,
      "median": 23.80330580001464,
      "stdev": 0.03275524098228674
    },
    "Q2: Filter & Count": {
      "best": 23.814041100005852,
      "avg": 23.990090200008126,
      "median": 23.962536100007128,
      "stdev": 0.1913201205964077
    },
    "Q3: Aggregate HAVING": {
      "best": 21.486008000007132,
      "avg": 22.726690666672464,
      "median": 22.096942600008333,
      "stdev": 1.6483912210113218
    }
  }
}