{
  "duckdb": {
    "Q1: Health by State": {
      "best": 2.0856996000220533,
      "avg": 2.158674650010653,
      "median": 2.158674650010653,
      "stdev": 0.10320230540873197
    },
    "Q2: Aging Infrastructure": {
      "best": 2.4312790999829303,
      "avg": 2.5697976499941433,
      "median": 2.5697976499941433,
      "stdev": 0.19589481206611317
    },
    "Q3: Multi-condition Impact": {
      "best": 2.7608057000034023,
      "avg": 3.014826049999101,
      "median": 3.014826049999101,
      "stdev": 0.3592390240826776
    }
  },
  "polars": {
    "Q1: Health by State": {
      "best": 4.421093200013274,
      "avg": 5.038922400010051,
      "median": 5.038922400010051,
      "stdev": 0.8737424338655613
    },
    "Q2: Aging Infrastructure": {
      "best": 3.0619157000037376,
      "avg": 3.519423050005571,
      "median": 3.519423050005571,
      "stdev": 0.6470130992579672
    },
    "Q3: Multi-condition Impact": {
      "best": 3.98378550002235,
      "avg": 4.187562550010625,
      "median": 4.187562550010625,
      "stdev": 0.2881842677937992
    }
  },
  "pandas": {
    "Q1: Health by State": {
      "best": 3.381820599985076,
      "avg": 3.4277292499900796,
      "median": 3.4277292499900796,
      "stdev": 0.06492463546731551
    },
    "Q2: Aging Infrastructure": {
      "best": 1.2917386000044644,
      "avg": 1.335395599991898,
      "median": 1.335395599991898,
      "stdev": 0.061740321474750726
    },
    "Q3: Multi-condition Impact": {
      "best": 11.657454100000905,
      "avg": 11.977737000008347,
      "median": 11.977737000008347,
      "stdev": 0.45294842098670984
    }
  },
  "pyarrow": {
    "Q1: Health by State": {
      "best": 7.2962348999863025,
      "avg": 7.340294399997219,
      "median": 7.340294399997219,
      "stdev": 0.062309542466816296
    },
    "Q2: Aging Infrastructure": {
      "best": 7.046029699995415,
      "avg": 7.0626946999982465,
      "median": 7.0626946999982465,
      "stdev": 0.02356786902095158
    },
    "Q3: Multi-condition Impact": {
      "best": 8.314018199977,
      "avg": 8.475745999996434,
      "median": 8.475745999996434,
      "stdev": 0.2287176482002482
    }
  },
  "query_type": "COMPLEX - 12 columns, multi-level aggregation, 1,728 files"
}